Workbook

Sheet transactions_raw
A1: transaction_id | B1: transaction_date | C1: merchant_name | D1: raw_amount | E1: currency | F1: status | G1: risk_score | H1: gateway_region | I1: user_id | J1: payment_method
A2: T001 | B2: 46082 | C2: alpha mart | D2: 420000 | E2: INR | F2: captured | G2: score:62 | H2: APAC | I2: U001 | J2: UPI
A3: T002 | B3: 46082 | C3: ALPHA MART | D3: 210000 | E3: INR | F3: Captured | G3: 55 | I3: U002 | J3: Card
A4: T003 | B4: 46082 | C4: BETA STORES | D4: 510000 | E4: INR | F4: CAPTURED | G4: 71 | H4: APAC | I4: U003 | J4: NetBanking
A5: T004 | B5: 46083 | C5: Beta Stores | D5: 160000 | E5: INR | F5: failed e05 timeout | G5: 68 | H5: apac | I5: U004 | J5: Card
A6: T005 | B6: 46083 | C6: Alpha Mart | D6: 390000 | E6: INR | F6: CAPTURED | G6: 58 | I6: U001 | J6: UPI
A7: T006 | B7: 46083 | C7: Beta Stores | D7: 275000 | E7: INR | F7: Captured | G7: score:64 | I7: U005 | J7: Wallet
A8: T007 | B8: 46083 | C8: Alpha Mart | D8: 450000 | E8: INR | F8: chargeback | G8: risk-83 | H8: APAC | I8: U006 | J8: Card
A9: T008 | B9: 46084 | C9: BETA STORES | D9: 340000 | E9: INR | F9: Captured | G9: 59 | I9: U007 | J9: UPI
A10: T009 | B10: 46084 | C10: Alpha Mart | D10: 125000 | E10: INR | F10: captured | G10: 46 | H10: APAC | I10: U002 | J10: Wallet
A11: T010 | B11: 46084 | C11: Beta Stores | D11: 610000 | E11: INR | F11: captured | G11: risk-77 | I11: U003 | J11: Card
A12: T011 | B12: 46084 | C12: Alpha Mart | D12: 195000 | E12: INR | F12: FAILED e05 TIMEOUT | I12: U008 | J12: UPI
A13: T012 | B13: 46085 | C13: Beta Stores | D13: 250000 | E13: INR | F13: captured | G13: risk-61 | H13: APAC | I13: U009 | J13: Card
A14: T013 | B14: 46085 | C14: alpha mart | D14: 310000 | E14: INR | F14: captured | G14: score:54 | H14: APAC | I14: U010 | J14: UPI
A15: T014 | B15: 46085 | C15: Beta Stores | D15: 470000 | E15: INR | F15: captured | G15: risk-73 | H15: APAC | I15: U001 | J15: NetBanking
A16: T015 | B16: 46085 | C16: Alpha Mart | D16: 130000 | E16: INR | F16: captured | G16: score:52 | I16: U002 | J16: Card
A17: T016 | B17: 46086 | C17: Beta Stores | D17: 220000 | E17: INR | F17: failed E05 timeout | G17: risk-69 | I17: U008 | J17: Card
A18: T017 | B18: 46086 | C18: Beta Stores | D18: 180000 | E18: INR | F18: Failed E05 Timeout | G18: score:72 | H18: apac | I18: U008 | J18: Card
A19: T018 | B19: 46086 | C19: BETA STORES | D19: 145000 | E19: INR | F19: chargeback | G19: risk-86 | H19: APAC | I19: U008 | J19: UPI
A20: T019 | B20: 46086 | C20: Alpha Mart | D20: 260000 | E20: INR | F20: Failed E05 Timeout | G20: score:67 | H20: apac | I20: U008 | J20: Wallet
A21: T020 | B21: 46086 | C21: Alpha Mart | D21: 520000 | E21: INR | F21: Captured | G21: 75 | H21: APAC | I21: U005 | J21: UPI
A22: T021 | B22: 46087 | C22: beta stores | D22: 330000 | E22: INR | F22: captured | G22: score:63 | I22: U006 | J22: Card
A23: T022 | B23: 46087 | C23: ALPHA MART | D23: 410000 | E23: INR | F23: captured | G23: 60 | H23: APAC | I23: U007 | J23: UPI
A24: T023 | B24: 46082 | C24: City Pharma | D24: 5200 | E24: EUR | F24: Captured | G24: 42 | H24: EU | I24: U003 | J24: Card
A25: T024 | B25: 46083 | C25: Eco Home | D25: 6100 | E25: EUR | F25: chargeback | G25: score:65 | H25: EU | I25: U004 | J25: Card
A26: T025 | B26: 46084 | C26: City Pharma | D26: 2800 | E26: EUR | F26: captured | G26: 38 | H26: eu | I26: U005 | J26: Wallet
A27: T026 | B27: 46086 | C27: Eco Home | D27: 3300 | E27: EUR | F27: Failed E05 Timeout | G27: 44 | H27: EU | I27: U006 | J27: NetBanking
A28: T027 | B28: 46082 | C28: DELTA TRAVELS | D28: 7200 | E28: USD | F28: captured | G28: 49 | H28: us | I28: U007 | J28: Card
A29: T028 | B29: 46083 | C29: Delta Travels | D29: 3100 | E29: USD | F29: CAPTURED | G29: risk-41 | H29: US | I29: U008 | J29: Card
A30: T029 | B30: 46085 | C30: delta travels | D30: 2500 | E30: USD | F30: chargeback | G30: score:58 | H30: US | I30: U009 | J30: Wallet
A31: T030 | B31: 46087 | C31: DELTA TRAVELS | D31: 1800 | E31: USD | F31: Failed E05 Timeout | G31: score:47 | H31: US | I31: U010 | J31: UPI

Sheet cleaned_transactions
A1: transaction_id | B1: transaction_id | C1: transaction_date | D1: merchant_name | E1: merchant_name_clean | F1: raw_amount | G1: currency | H1: status | I1: status_clean | J1: risk_score | K1: risk_score_clean | L1: gateway_region | M1: gateway_region_clean | N1: user_id | O1: payment_method | P1: payment_method_clean | Q1: amount_usd | R1: merchant_id | S1: account_manager | T1: merchant_category | U1: default_region | V1: high_value_flag | W1: high_risk_flag
A2: T001 | B2: T001 | C2: 46082 | D2: alpha mart | E2: =UPPER(TRIM(D2)) -> ALPHA MART | F2: 420000 | G2: INR | H2: captured | I2: =IFERROR(__xludf.DUMMYFUNCTION("IF(REGEXMATCH(LOWER(I2),""capture""),""CAPTURED"",IF(REGEXMATCH(LOWER(I2),""chargeback""),""CHARGEBACK"",IF(REGEXMATCH(LOWER(I2),""fail""),""FAILED"",""UNKNOWN"")))"),"CAPTURED") -> CAPTURED | J2: score:62 | K2: =IFERROR(__xludf.DUMMYFUNCTION("IFERROR(VALUE(REGEXEXTRACT(K2,""\d+"")),0)"),62) -> 62 | L2: APAC | M2: =UPPER(TRIM(L2)) -> APAC | N2: U001 | O2: UPI | P2: =UPPER(TRIM(O2)) -> UPI | Q2: =F2 * VLOOKUP(G2,exchange_rates!B:C,2,FALSE) -> 4998 | R2: {=INDEX(merchant_master!A:A,MATCH(E2,merchant_master!C:C,0))} -> M001 | S2: {=INDEX(merchant_master!D:D,MATCH(E2,merchant_master!C:C,0))} -> Aisha Khan | T2: {=INDEX(merchant_master!E:E,MATCH(E2,merchant_master!C:C,0))} -> Grocery | U2: {=INDEX(merchant_master!F:F,MATCH(E2,merchant_master!C:C,0))} -> APAC | V2: =IF(OR(AND(M2="APAC",Q2>5000),AND(M2="EU",Q2>6000),AND(M2="US",Q2>7000)),1,0) -> 0 | W2: =IF(OR(K2>=70,I2="CHARGEBACK"),1,0) -> 0
A3: T002 | B3: T002 | C3: 46082 | D3: ALPHA MART | E3: =UPPER(TRIM(D3)) -> ALPHA MART | F3: 210000 | G3: INR | H3: Captured | I3: =IFERROR(__xludf.DUMMYFUNCTION("IF(REGEXMATCH(LOWER(I3),""capture""),""CAPTURED"",IF(REGEXMATCH(LOWER(I3),""chargeback""),""CHARGEBACK"",IF(REGEXMATCH(LOWER(I3),""fail""),""FAILED"",""UNKNOWN"")))"),"CAPTURED") -> CAPTURED | J3: 55 | K3: 55 | M3: =UPPER(TRIM(L3)) | N3: U002 | O3: Card | P3: =UPPER(TRIM(O3)) -> CARD | Q3: =F3 * VLOOKUP(G3,exchange_rates!B:C,2,FALSE) -> 2499 | R3: {=INDEX(merchant_master!A:A,MATCH(E3,merchant_master!C:C,0))} -> M001 | S3: {=INDEX(merchant_master!D:D,MATCH(E3,merchant_master!C:C,0))} -> Aisha Khan | T3: {=INDEX(merchant_master!E:E,MATCH(E3,merchant_master!C:C,0))} -> Grocery | U3: {=INDEX(merchant_master!F:F,MATCH(E3,merchant_master!C:C,0))} -> APAC | V3: =IF(OR(AND(M3="APAC",Q3>5000),AND(M3="EU",Q3>6000),AND(M3="US",Q3>7000)),1,0) -> 0 | W3: =IF(OR(K3>=70,I3="CHARGEBACK"),1,0) -> 0
A4: T003 | B4: T003 | C4: 46082 | D4: BETA STORES | E4: =UPPER(TRIM(D4)) -> BETA STORES | F4: 510000 | G4: INR | H4: CAPTURED | I4: =IFERROR(__xludf.DUMMYFUNCTION("IF(REGEXMATCH(LOWER(I4),""capture""),""CAPTURED"",IF(REGEXMATCH(LOWER(I4),""chargeback""),""CHARGEBACK"",IF(REGEXMATCH(LOWER(I4),""fail""),""FAILED"",""UNKNOWN"")))"),"CAPTURED") -> CAPTURED | J4: 71 | K4: 71 | L4: APAC | M4: =UPPER(TRIM(L4)) -> APAC | N4: U003 | O4: NetBanking | P4: =UPPER(TRIM(O4)) -> NETBANKING | Q4: =F4 * VLOOKUP(G4,exchange_rates!B:C,2,FALSE) -> 6069 | R4: {=INDEX(merchant_master!A:A,MATCH(E4,merchant_master!C:C,0))} -> M002 | S4: {=INDEX(merchant_master!D:D,MATCH(E4,merchant_master!C:C,0))} -> Rohan Mehta | T4: {=INDEX(merchant_master!E:E,MATCH(E4,merchant_master!C:C,0))} -> Electronics | U4: {=INDEX(merchant_master!F:F,MATCH(E4,merchant_master!C:C,0))} -> APAC | V4: =IF(OR(AND(M4="APAC",Q4>5000),AND(M4="EU",Q4>6000),AND(M4="US",Q4>7000)),1,0) -> 1 | W4: =IF(OR(K4>=70,I4="CHARGEBACK"),1,0) -> 1
A5: T004 | B5: T004 | C5: 46083 | D5: Beta Stores | E5: =UPPER(TRIM(D5)) -> BETA STORES | F5: 160000 | G5: INR | H5: failed e05 timeout | I5: =IFERROR(__xludf.DUMMYFUNCTION("IF(REGEXMATCH(LOWER(I5),""capture""),""CAPTURED"",IF(REGEXMATCH(LOWER(I5),""chargeback""),""CHARGEBACK"",IF(REGEXMATCH(LOWER(I5),""fail""),""FAILED"",""UNKNOWN"")))"),"FAILED") -> FAILED | J5: 68 | K5: 68 | L5: apac | M5: =UPPER(TRIM(L5)) -> APAC | N5: U004 | O5: Card | P5: =UPPER(TRIM(O5)) -> CARD | Q5: =F5 * VLOOKUP(G5,exchange_rates!B:C,2,FALSE) -> 1904 | R5: {=INDEX(merchant_master!A:A,MATCH(E5,merchant_master!C:C,0))} -> M002 | S5: {=INDEX(merchant_master!D:D,MATCH(E5,merchant_master!C:C,0))} -> Rohan Mehta | T5: {=INDEX(merchant_master!E:E,MATCH(E5,merchant_master!C:C,0))} -> Electronics | U5: {=INDEX(merchant_master!F:F,MATCH(E5,merchant_master!C:C,0))} -> APAC | V5: =IF(OR(AND(M5="APAC",Q5>5000),AND(M5="EU",Q5>6000),AND(M5="US",Q5>7000)),1,0) -> 0 | W5: =IF(OR(K5>=70,I5="CHARGEBACK"),1,0) -> 0
A6: T005 | B6: T005 | C6: 46083 | D6: Alpha Mart | E6: =UPPER(TRIM(D6)) -> ALPHA MART | F6: 390000 | G6: INR | H6: CAPTURED | I6: =IFERROR(__xludf.DUMMYFUNCTION("IF(REGEXMATCH(LOWER(I6),""capture""),""CAPTURED"",IF(REGEXMATCH(LOWER(I6),""chargeback""),""CHARGEBACK"",IF(REGEXMATCH(LOWER(I6),""fail""),""FAILED"",""UNKNOWN"")))"),"CAPTURED") -> CAPTURED | J6: 58 | K6: 58 | M6: =UPPER(TRIM(L6)) | N6: U001 | O6: UPI | P6: =UPPER(TRIM(O6)) -> UPI | Q6: =F6 * VLOOKUP(G6,exchange_rates!B:C,2,FALSE) -> 4641 | R6: {=INDEX(merchant_master!A:A,MATCH(E6,merchant_master!C:C,0))} -> M001 | S6: {=INDEX(merchant_master!D:D,MATCH(E6,merchant_master!C:C,0))} -> Aisha Khan | T6: {=INDEX(merchant_master!E:E,MATCH(E6,merchant_master!C:C,0))} -> Grocery | U6: {=INDEX(merchant_master!F:F,MATCH(E6,merchant_master!C:C,0))} -> APAC | V6: =IF(OR(AND(M6="APAC",Q6>5000),AND(M6="EU",Q6>6000),AND(M6="US",Q6>7000)),1,0) -> 0 | W6: =IF(OR(K6>=70,I6="CHARGEBACK"),1,0) -> 0
A7: T006 | B7: T006 | C7: 46083 | D7: Beta Stores | E7: =UPPER(TRIM(D7)) -> BETA STORES | F7: 275000 | G7: INR | H7: Captured | I7: =IFERROR(__xludf.DUMMYFUNCTION("IF(REGEXMATCH(LOWER(I7),""capture""),""CAPTURED"",IF(REGEXMATCH(LOWER(I7),""chargeback""),""CHARGEBACK"",IF(REGEXMATCH(LOWER(I7),""fail""),""FAILED"",""UNKNOWN"")))"),"CAPTURED") -> CAPTURED | J7: score:64 | K7: =IFERROR(__xludf.DUMMYFUNCTION("IFERROR(VALUE(REGEXEXTRACT(K7,""\d+"")),0)"),64) -> 64 | M7: =UPPER(TRIM(L7)) | N7: U005 | O7: Wallet | P7: =UPPER(TRIM(O7)) -> WALLET | Q7: =F7 * VLOOKUP(G7,exchange_rates!B:C,2,FALSE) -> 3272.5 | R7: {=INDEX(merchant_master!A:A,MATCH(E7,merchant_master!C:C,0))} -> M002 | S7: {=INDEX(merchant_master!D:D,MATCH(E7,merchant_master!C:C,0))} -> Rohan Mehta | T7: {=INDEX(merchant_master!E:E,MATCH(E7,merchant_master!C:C,0))} -> Electronics | U7: {=INDEX(merchant_master!F:F,MATCH(E7,merchant_master!C:C,0))} -> APAC | V7: =IF(OR(AND(M7="APAC",Q7>5000),AND(M7="EU",Q7>6000),AND(M7="US",Q7>7000)),1,0) -> 0 | W7: =IF(OR(K7>=70,I7="CHARGEBACK"),1,0) -> 0
A8: T007 | B8: T007 | C8: 46083 | D8: Alpha Mart | E8: =UPPER(TRIM(D8)) -> ALPHA MART | F8: 450000 | G8: INR | H8: chargeback | I8: =IFERROR(__xludf.DUMMYFUNCTION("IF(REGEXMATCH(LOWER(I8),""capture""),""CAPTURED"",IF(REGEXMATCH(LOWER(I8),""chargeback""),""CHARGEBACK"",IF(REGEXMATCH(LOWER(I8),""fail""),""FAILED"",""UNKNOWN"")))"),"CHARGEBACK") -> CHARGEBACK | J8: risk-83 | K8: =IFERROR(__xludf.DUMMYFUNCTION("IFERROR(VALUE(REGEXEXTRACT(K8,""\d+"")),0)"),83) -> 83 | L8: APAC | M8: =UPPER(TRIM(L8)) -> APAC | N8: U006 | O8: Card | P8: =UPPER(TRIM(O8)) -> CARD | Q8: =F8 * VLOOKUP(G8,exchange_rates!B:C,2,FALSE) -> 5355 | R8: {=INDEX(merchant_master!A:A,MATCH(E8,merchant_master!C:C,0))} -> M001 | S8: {=INDEX(merchant_master!D:D,MATCH(E8,merchant_master!C:C,0))} -> Aisha Khan | T8: {=INDEX(merchant_master!E:E,MATCH(E8,merchant_master!C:C,0))} -> Grocery | U8: {=INDEX(merchant_master!F:F,MATCH(E8,merchant_master!C:C,0))} -> APAC | V8: =IF(OR(AND(M8="APAC",Q8>5000),AND(M8="EU",Q8>6000),AND(M8="US",Q8>7000)),1,0) -> 1 | W8: =IF(OR(K8>=70,I8="CHARGEBACK"),1,0) -> 1
A9: T008 | B9: T008 | C9: 46084 | D9: BETA STORES | E9: =UPPER(TRIM(D9)) -> BETA STORES | F9: 340000 | G9: INR | H9: Captured | I9: =IFERROR(__xludf.DUMMYFUNCTION("IF(REGEXMATCH(LOWER(I9),""capture""),""CAPTURED"",IF(REGEXMATCH(LOWER(I9),""chargeback""),""CHARGEBACK"",IF(REGEXMATCH(LOWER(I9),""fail""),""FAILED"",""UNKNOWN"")))"),"CAPTURED") -> CAPTURED | J9: 59 | K9: 59 | M9: =UPPER(TRIM(L9)) | N9: U007 | O9: UPI | P9: =UPPER(TRIM(O9)) -> UPI | Q9: =F9 * VLOOKUP(G9,exchange_rates!B:C,2,FALSE) -> 4046 | R9: {=INDEX(merchant_master!A:A,MATCH(E9,merchant_master!C:C,0))} -> M002 | S9: {=INDEX(merchant_master!D:D,MATCH(E9,merchant_master!C:C,0))} -> Rohan Mehta | T9: {=INDEX(merchant_master!E:E,MATCH(E9,merchant_master!C:C,0))} -> Electronics | U9: {=INDEX(merchant_master!F:F,MATCH(E9,merchant_master!C:C,0))} -> APAC | V9: =IF(OR(AND(M9="APAC",Q9>5000),AND(M9="EU",Q9>6000),AND(M9="US",Q9>7000)),1,0) -> 0 | W9: =IF(OR(K9>=70,I9="CHARGEBACK"),1,0) -> 0
A10: T009 | B10: T009 | C10: 46084 | D10: Alpha Mart | E10: =UPPER(TRIM(D10)) -> ALPHA MART | F10: 125000 | G10: INR | H10: captured | I10: =IFERROR(__xludf.DUMMYFUNCTION("IF(REGEXMATCH(LOWER(I10),""capture""),""CAPTURED"",IF(REGEXMATCH(LOWER(I10),""chargeback""),""CHARGEBACK"",IF(REGEXMATCH(LOWER(I10),""fail""),""FAILED"",""UNKNOWN"")))"),"CAPTURED") -> CAPTURED | J10: 46 | K10: 46 | L10: APAC | M10: =UPPER(TRIM(L10)) -> APAC | N10: U002 | O10: Wallet | P10: =UPPER(TRIM(O10)) -> WALLET | Q10: =F10 * VLOOKUP(G10,exchange_rates!B:C,2,FALSE) -> 1487.5 | R10: {=INDEX(merchant_master!A:A,MATCH(E10,merchant_master!C:C,0))} -> M001 | S10: {=INDEX(merchant_master!D:D,MATCH(E10,merchant_master!C:C,0))} -> Aisha Khan | T10: {=INDEX(merchant_master!E:E,MATCH(E10,merchant_master!C:C,0))} -> Grocery | U10: {=INDEX(merchant_master!F:F,MATCH(E10,merchant_master!C:C,0))} -> APAC | V10: =IF(OR(AND(M10="APAC",Q10>5000),AND(M10="EU",Q10>6000),AND(M10="US",Q10>7000)),1,0) -> 0 | W10: =IF(OR(K10>=70,I10="CHARGEBACK"),1,0) -> 0
A11: T010 | B11: T010 | C11: 46084 | D11: Beta Stores | E11: =UPPER(TRIM(D11)) -> BETA STORES | F11: 610000 | G11: INR | H11: captured | I11: =IFERROR(__xludf.DUMMYFUNCTION("IF(REGEXMATCH(LOWER(I11),""capture""),""CAPTURED"",IF(REGEXMATCH(LOWER(I11),""chargeback""),""CHARGEBACK"",IF(REGEXMATCH(LOWER(I11),""fail""),""FAILED"",""UNKNOWN"")))"),"CAPTURED") -> CAPTURED | J11: risk-77 | K11: =IFERROR(__xludf.DUMMYFUNCTION("IFERROR(VALUE(REGEXEXTRACT(K11,""\d+"")),0)"),77) -> 77 | M11: =UPPER(TRIM(L11)) | N11: U003 | O11: Card | P11: =UPPER(TRIM(O11)) -> CARD | Q11: =F11 * VLOOKUP(G11,exchange_rates!B:C,2,FALSE) -> 7259 | R11: {=INDEX(merchant_master!A:A,MATCH(E11,merchant_master!C:C,0))} -> M002 | S11: {=INDEX(merchant_master!D:D,MATCH(E11,merchant_master!C:C,0))} -> Rohan Mehta | T11: {=INDEX(merchant_master!E:E,MATCH(E11,merchant_master!C:C,0))} -> Electronics | U11: {=INDEX(merchant_master!F:F,MATCH(E11,merchant_master!C:C,0))} -> APAC | V11: =IF(OR(AND(M11="APAC",Q11>5000),AND(M11="EU",Q11>6000),AND(M11="US",Q11>7000)),1,0) -> 0 | W11: =IF(OR(K11>=70,I11="CHARGEBACK"),1,0) -> 1
A12: T011 | B12: T011 | C12: 46084 | D12: Alpha Mart | E12: =UPPER(TRIM(D12)) -> ALPHA MART | F12: 195000 | G12: INR | H12: FAILED e05 TIMEOUT | I12: =IFERROR(__xludf.DUMMYFUNCTION("IF(REGEXMATCH(LOWER(I12),""capture""),""CAPTURED"",IF(REGEXMATCH(LOWER(I12),""chargeback""),""CHARGEBACK"",IF(REGEXMATCH(LOWER(I12),""fail""),""FAILED"",""UNKNOWN"")))"),"FAILED") -> FAILED | K12: =IFERROR(__xludf.DUMMYFUNCTION("IFERROR(VALUE(REGEXEXTRACT(K12,""\d+"")),0)"),0) -> 0 | M12: =UPPER(TRIM(L12)) | N12: U008 | O12: UPI | P12: =UPPER(TRIM(O12)) -> UPI | Q12: =F12 * VLOOKUP(G12,exchange_rates!B:C,2,FALSE) -> 2320.5 | R12: {=INDEX(merchant_master!A:A,MATCH(E12,merchant_master!C:C,0))} -> M001 | S12: {=INDEX(merchant_master!D:D,MATCH(E12,merchant_master!C:C,0))} -> Aisha Khan | T12: {=INDEX(merchant_master!E:E,MATCH(E12,merchant_master!C:C,0))} -> Grocery | U12: {=INDEX(merchant_master!F:F,MATCH(E12,merchant_master!C:C,0))} -> APAC | V12: =IF(OR(AND(M12="APAC",Q12>5000),AND(M12="EU",Q12>6000),AND(M12="US",Q12>7000)),1,0) -> 0 | W12: =IF(OR(K12>=70,I12="CHARGEBACK"),1,0) -> 0
A13: T012 | B13: T012 | C13: 46085 | D13: Beta Stores | E13: =UPPER(TRIM(D13)) -> BETA STORES | F13: 250000 | G13: INR | H13: captured | I13: =IFERROR(__xludf.DUMMYFUNCTION("IF(REGEXMATCH(LOWER(I13),""capture""),""CAPTURED"",IF(REGEXMATCH(LOWER(I13),""chargeback""),""CHARGEBACK"",IF(REGEXMATCH(LOWER(I13),""fail""),""FAILED"",""UNKNOWN"")))"),"CAPTURED") -> CAPTURED | J13: risk-61 | K13: =IFERROR(__xludf.DUMMYFUNCTION("IFERROR(VALUE(REGEXEXTRACT(K13,""\d+"")),0)"),61) -> 61 | L13: APAC | M13: =UPPER(TRIM(L13)) -> APAC | N13: U009 | O13: Card | P13: =UPPER(TRIM(O13)) -> CARD | Q13: =F13 * VLOOKUP(G13,exchange_rates!B:C,2,FALSE) -> 2975 | R13: {=INDEX(merchant_master!A:A,MATCH(E13,merchant_master!C:C,0))} -> M002 | S13: {=INDEX(merchant_master!D:D,MATCH(E13,merchant_master!C:C,0))} -> Rohan Mehta | T13: {=INDEX(merchant_master!E:E,MATCH(E13,merchant_master!C:C,0))} -> Electronics | U13: {=INDEX(merchant_master!F:F,MATCH(E13,merchant_master!C:C,0))} -> APAC | V13: =IF(OR(AND(M13="APAC",Q13>5000),AND(M13="EU",Q13>6000),AND(M13="US",Q13>7000)),1,0) -> 0 | W13: =IF(OR(K13>=70,I13="CHARGEBACK"),1,0) -> 0
A14: T013 | B14: T013 | C14: 46085 | D14: alpha mart | E14: =UPPER(TRIM(D14)) -> ALPHA MART | F14: 310000 | G14: INR | H14: captured | I14: =IFERROR(__xludf.DUMMYFUNCTION("IF(REGEXMATCH(LOWER(I14),""capture""),""CAPTURED"",IF(REGEXMATCH(LOWER(I14),""chargeback""),""CHARGEBACK"",IF(REGEXMATCH(LOWER(I14),""fail""),""FAILED"",""UNKNOWN"")))"),"CAPTURED") -> CAPTURED | J14: score:54 | K14: =IFERROR(__xludf.DUMMYFUNCTION("IFERROR(VALUE(REGEXEXTRACT(K14,""\d+"")),0)"),54) -> 54 | L14: APAC | M14: =UPPER(TRIM(L14)) -> APAC | N14: U010 | O14: UPI | P14: =UPPER(TRIM(O14)) -> UPI | Q14: =F14 * VLOOKUP(G14,exchange_rates!B:C,2,FALSE) -> 3689 | R14: {=INDEX(merchant_master!A:A,MATCH(E14,merchant_master!C:C,0))} -> M001 | S14: {=INDEX(merchant_master!D:D,MATCH(E14,merchant_master!C:C,0))} -> Aisha Khan | T14: {=INDEX(merchant_master!E:E,MATCH(E14,merchant_master!C:C,0))} -> Grocery | U14: {=INDEX(merchant_master!F:F,MATCH(E14,merchant_master!C:C,0))} -> APAC | V14: =IF(OR(AND(M14="APAC",Q14>5000),AND(M14="EU",Q14>6000),AND(M14="US",Q14>7000)),1,0) -> 0 | W14: =IF(OR(K14>=70,I14="CHARGEBACK"),1,0) -> 0
A15: T014 | B15: T014 | C15: 46085 | D15: Beta Stores | E15: =UPPER(TRIM(D15)) -> BETA STORES | F15: 470000 | G15: INR | H15: captured | I15: =IFERROR(__xludf.DUMMYFUNCTION("IF(REGEXMATCH(LOWER(I15),""capture""),""CAPTURED"",IF(REGEXMATCH(LOWER(I15),""chargeback""),""CHARGEBACK"",IF(REGEXMATCH(LOWER(I15),""fail""),""FAILED"",""UNKNOWN"")))"),"CAPTURED") -> CAPTURED | J15: risk-73 | K15: =IFERROR(__xludf.DUMMYFUNCTION("IFERROR(VALUE(REGEXEXTRACT(K15,""\d+"")),0)"),73) -> 73 | L15: APAC | M15: =UPPER(TRIM(L15)) -> APAC | N15: U001 | O15: NetBanking | P15: =UPPER(TRIM(O15)) -> NETBANKING | Q15: =F15 * VLOOKUP(G15,exchange_rates!B:C,2,FALSE) -> 5593 | R15: {=INDEX(merchant_master!A:A,MATCH(E15,merchant_master!C:C,0))} -> M002 | S15: {=INDEX(merchant_master!D:D,MATCH(E15,merchant_master!C:C,0))} -> Rohan Mehta | T15: {=INDEX(merchant_master!E:E,MATCH(E15,merchant_master!C:C,0))} -> Electronics | U15: {=INDEX(merchant_master!F:F,MATCH(E15,merchant_master!C:C,0))} -> APAC | V15: =IF(OR(AND(M15="APAC",Q15>5000),AND(M15="EU",Q15>6000),AND(M15="US",Q15>7000)),1,0) -> 1 | W15: =IF(OR(K15>=70,I15="CHARGEBACK"),1,0) -> 1
A16: T015 | B16: T015 | C16: 46085 | D16: Alpha Mart | E16: =UPPER(TRIM(D16)) -> ALPHA MART | F16: 130000 | G16: INR | H16: captured | I16: =IFERROR(__xludf.DUMMYFUNCTION("IF(REGEXMATCH(LOWER(I16),""capture""),""CAPTURED"",IF(REGEXMATCH(LOWER(I16),""chargeback""),""CHARGEBACK"",IF(REGEXMATCH(LOWER(I16),""fail""),""FAILED"",""UNKNOWN"")))"),"CAPTURED") -> CAPTURED | J16: score:52 | K16: =IFERROR(__xludf.DUMMYFUNCTION("IFERROR(VALUE(REGEXEXTRACT(K16,""\d+"")),0)"),52) -> 52 | M16: =UPPER(TRIM(L16)) | N16: U002 | O16: Card | P16: =UPPER(TRIM(O16)) -> CARD | Q16: =F16 * VLOOKUP(G16,exchange_rates!B:C,2,FALSE) -> 1547 | R16: {=INDEX(merchant_master!A:A,MATCH(E16,merchant_master!C:C,0))} -> M001 | S16: {=INDEX(merchant_master!D:D,MATCH(E16,merchant_master!C:C,0))} -> Aisha Khan | T16: {=INDEX(merchant_master!E:E,MATCH(E16,merchant_master!C:C,0))} -> Grocery | U16: {=INDEX(merchant_master!F:F,MATCH(E16,merchant_master!C:C,0))} -> APAC | V16: =IF(OR(AND(M16="APAC",Q16>5000),AND(M16="EU",Q16>6000),AND(M16="US",Q16>7000)),1,0) -> 0 | W16: =IF(OR(K16>=70,I16="CHARGEBACK"),1,0) -> 0
A17: T016 | B17: T016 | C17: 46086 | D17: Beta Stores | E17: =UPPER(TRIM(D17)) -> BETA STORES | F17: 220000 | G17: INR | H17: failed E05 timeout | I17: =IFERROR(__xludf.DUMMYFUNCTION("IF(REGEXMATCH(LOWER(I17),""capture""),""CAPTURED"",IF(REGEXMATCH(LOWER(I17),""chargeback""),""CHARGEBACK"",IF(REGEXMATCH(LOWER(I17),""fail""),""FAILED"",""UNKNOWN"")))"),"FAILED") -> FAILED | J17: risk-69 | K17: =IFERROR(__xludf.DUMMYFUNCTION("IFERROR(VALUE(REGEXEXTRACT(K17,""\d+"")),0)"),69) -> 69 | M17: =UPPER(TRIM(L17)) | N17: U008 | O17: Card | P17: =UPPER(TRIM(O17)) -> CARD | Q17: =F17 * VLOOKUP(G17,exchange_rates!B:C,2,FALSE) -> 2618 | R17: {=INDEX(merchant_master!A:A,MATCH(E17,merchant_master!C:C,0))} -> M002 | S17: {=INDEX(merchant_master!D:D,MATCH(E17,merchant_master!C:C,0))} -> Rohan Mehta | T17: {=INDEX(merchant_master!E:E,MATCH(E17,merchant_master!C:C,0))} -> Electronics | U17: {=INDEX(merchant_master!F:F,MATCH(E17,merchant_master!C:C,0))} -> APAC | V17: =IF(OR(AND(M17="APAC",Q17>5000),AND(M17="EU",Q17>6000),AND(M17="US",Q17>7000)),1,0) -> 0 | W17: =IF(OR(K17>=70,I17="CHARGEBACK"),1,0) -> 0
A18: T017 | B18: T017 | C18: 46086 | D18: Beta Stores | E18: =UPPER(TRIM(D18)) -> BETA STORES | F18: 180000 | G18: INR | H18: Failed E05 Timeout | I18: =IFERROR(__xludf.DUMMYFUNCTION("IF(REGEXMATCH(LOWER(I18),""capture""),""CAPTURED"",IF(REGEXMATCH(LOWER(I18),""chargeback""),""CHARGEBACK"",IF(REGEXMATCH(LOWER(I18),""fail""),""FAILED"",""UNKNOWN"")))"),"FAILED") -> FAILED | J18: score:72 | K18: =IFERROR(__xludf.DUMMYFUNCTION("IFERROR(VALUE(REGEXEXTRACT(K18,""\d+"")),0)"),72) -> 72 | L18: apac | M18: =UPPER(TRIM(L18)) -> APAC | N18: U008 | O18: Card | P18: =UPPER(TRIM(O18)) -> CARD | Q18: =F18 * VLOOKUP(G18,exchange_rates!B:C,2,FALSE) -> 2142 | R18: {=INDEX(merchant_master!A:A,MATCH(E18,merchant_master!C:C,0))} -> M002 | S18: {=INDEX(merchant_master!D:D,MATCH(E18,merchant_master!C:C,0))} -> Rohan Mehta | T18: {=INDEX(merchant_master!E:E,MATCH(E18,merchant_master!C:C,0))} -> Electronics | U18: {=INDEX(merchant_master!F:F,MATCH(E18,merchant_master!C:C,0))} -> APAC | V18: =IF(OR(AND(M18="APAC",Q18>5000),AND(M18="EU",Q18>6000),AND(M18="US",Q18>7000)),1,0) -> 0 | W18: =IF(OR(K18>=70,I18="CHARGEBACK"),1,0) -> 1
A19: T018 | B19: T018 | C19: 46086 | D19: BETA STORES | E19: =UPPER(TRIM(D19)) -> BETA STORES | F19: 145000 | G19: INR | H19: chargeback | I19: =IFERROR(__xludf.DUMMYFUNCTION("IF(REGEXMATCH(LOWER(I19),""capture""),""CAPTURED"",IF(REGEXMATCH(LOWER(I19),""chargeback""),""CHARGEBACK"",IF(REGEXMATCH(LOWER(I19),""fail""),""FAILED"",""UNKNOWN"")))"),"CHARGEBACK") -> CHARGEBACK | J19: risk-86 | K19: =IFERROR(__xludf.DUMMYFUNCTION("IFERROR(VALUE(REGEXEXTRACT(K19,""\d+"")),0)"),86) -> 86 | L19: APAC | M19: =UPPER(TRIM(L19)) -> APAC | N19: U008 | O19: UPI | P19: =UPPER(TRIM(O19)) -> UPI | Q19: =F19 * VLOOKUP(G19,exchange_rates!B:C,2,FALSE) -> 1725.5 | R19: {=INDEX(merchant_master!A:A,MATCH(E19,merchant_master!C:C,0))} -> M002 | S19: {=INDEX(merchant_master!D:D,MATCH(E19,merchant_master!C:C,0))} -> Rohan Mehta | T19: {=INDEX(merchant_master!E:E,MATCH(E19,merchant_master!C:C,0))} -> Electronics | U19: {=INDEX(merchant_master!F:F,MATCH(E19,merchant_master!C:C,0))} -> APAC | V19: =IF(OR(AND(M19="APAC",Q19>5000),AND(M19="EU",Q19>6000),AND(M19="US",Q19>7000)),1,0) -> 0 | W19: =IF(OR(K19>=70,I19="CHARGEBACK"),1,0) -> 1
A20: T019 | B20: T019 | C20: 46086 | D20: Alpha Mart | E20: =UPPER(TRIM(D20)) -> ALPHA MART | F20: 260000 | G20: INR | H20: Failed E05 Timeout | I20: =IFERROR(__xludf.DUMMYFUNCTION("IF(REGEXMATCH(LOWER(I20),""capture""),""CAPTURED"",IF(REGEXMATCH(LOWER(I20),""chargeback""),""CHARGEBACK"",IF(REGEXMATCH(LOWER(I20),""fail""),""FAILED"",""UNKNOWN"")))"),"FAILED") -> FAILED | J20: score:67 | K20: =IFERROR(__xludf.DUMMYFUNCTION("IFERROR(VALUE(REGEXEXTRACT(K20,""\d+"")),0)"),67) -> 67 | L20: apac | M20: =UPPER(TRIM(L20)) -> APAC | N20: U008 | O20: Wallet | P20: =UPPER(TRIM(O20)) -> WALLET | Q20: =F20 * VLOOKUP(G20,exchange_rates!B:C,2,FALSE) -> 3094 | R20: {=INDEX(merchant_master!A:A,MATCH(E20,merchant_master!C:C,0))} -> M001 | S20: {=INDEX(merchant_master!D:D,MATCH(E20,merchant_master!C:C,0))} -> Aisha Khan | T20: {=INDEX(merchant_master!E:E,MATCH(E20,merchant_master!C:C,0))} -> Grocery | U20: {=INDEX(merchant_master!F:F,MATCH(E20,merchant_master!C:C,0))} -> APAC | V20: =IF(OR(AND(M20="APAC",Q20>5000),AND(M20="EU",Q20>6000),AND(M20="US",Q20>7000)),1,0) -> 0 | W20: =IF(OR(K20>=70,I20="CHARGEBACK"),1,0) -> 0
A21: T020 | B21: T020 | C21: 46086 | D21: Alpha Mart | E21: =UPPER(TRIM(D21)) -> ALPHA MART | F21: 520000 | G21: INR | H21: Captured | I21: =IFERROR(__xludf.DUMMYFUNCTION("IF(REGEXMATCH(LOWER(I21),""capture""),""CAPTURED"",IF(REGEXMATCH(LOWER(I21),""chargeback""),""CHARGEBACK"",IF(REGEXMATCH(LOWER(I21),""fail""),""FAILED"",""UNKNOWN"")))"),"CAPTURED") -> CAPTURED | J21: 75 | K21: 75 | L21: APAC | M21: =UPPER(TRIM(L21)) -> APAC | N21: U005 | O21: UPI | P21: =UPPER(TRIM(O21)) -> UPI | Q21: =F21 * VLOOKUP(G21,exchange_rates!B:C,2,FALSE) -> 6188 | R21: {=INDEX(merchant_master!A:A,MATCH(E21,merchant_master!C:C,0))} -> M001 | S21: {=INDEX(merchant_master!D:D,MATCH(E21,merchant_master!C:C,0))} -> Aisha Khan | T21: {=INDEX(merchant_master!E:E,MATCH(E21,merchant_master!C:C,0))} -> Grocery | U21: {=INDEX(merchant_master!F:F,MATCH(E21,merchant_master!C:C,0))} -> APAC | V21: =IF(OR(AND(M21="APAC",Q21>5000),AND(M21="EU",Q21>6000),AND(M21="US",Q21>7000)),1,0) -> 1 | W21: =IF(OR(K21>=70,I21="CHARGEBACK"),1,0) -> 1
A22: T021 | B22: T021 | C22: 46087 | D22: beta stores | E22: =UPPER(TRIM(D22)) -> BETA STORES | F22: 330000 | G22: INR | H22: captured | I22: =IFERROR(__xludf.DUMMYFUNCTION("IF(REGEXMATCH(LOWER(I22),""capture""),""CAPTURED"",IF(REGEXMATCH(LOWER(I22),""chargeback""),""CHARGEBACK"",IF(REGEXMATCH(LOWER(I22),""fail""),""FAILED"",""UNKNOWN"")))"),"CAPTURED") -> CAPTURED | J22: score:63 | K22: =IFERROR(__xludf.DUMMYFUNCTION("IFERROR(VALUE(REGEXEXTRACT(K22,""\d+"")),0)"),63) -> 63 | M22: =UPPER(TRIM(L22)) | N22: U006 | O22: Card | P22: =UPPER(TRIM(O22)) -> CARD | Q22: =F22 * VLOOKUP(G22,exchange_rates!B:C,2,FALSE) -> 3927 | R22: {=INDEX(merchant_master!A:A,MATCH(E22,merchant_master!C:C,0))} -> M002 | S22: {=INDEX(merchant_master!D:D,MATCH(E22,merchant_master!C:C,0))} -> Rohan Mehta | T22: {=INDEX(merchant_master!E:E,MATCH(E22,merchant_master!C:C,0))} -> Electronics | U22: {=INDEX(merchant_master!F:F,MATCH(E22,merchant_master!C:C,0))} -> APAC | V22: =IF(OR(AND(M22="APAC",Q22>5000),AND(M22="EU",Q22>6000),AND(M22="US",Q22>7000)),1,0) -> 0 | W22: =IF(OR(K22>=70,I22="CHARGEBACK"),1,0) -> 0
A23: T022 | B23: T022 | C23: 46087 | D23: ALPHA MART | E23: =UPPER(TRIM(D23)) -> ALPHA MART | F23: 410000 | G23: INR | H23: captured | I23: =IFERROR(__xludf.DUMMYFUNCTION("IF(REGEXMATCH(LOWER(I23),""capture""),""CAPTURED"",IF(REGEXMATCH(LOWER(I23),""chargeback""),""CHARGEBACK"",IF(REGEXMATCH(LOWER(I23),""fail""),""FAILED"",""UNKNOWN"")))"),"CAPTURED") -> CAPTURED | J23: 60 | K23: 60 | L23: APAC | M23: =UPPER(TRIM(L23)) -> APAC | N23: U007 | O23: UPI | P23: =UPPER(TRIM(O23)) -> UPI | Q23: =F23 * VLOOKUP(G23,exchange_rates!B:C,2,FALSE) -> 4879 | R23: {=INDEX(merchant_master!A:A,MATCH(E23,merchant_master!C:C,0))} -> M001 | S23: {=INDEX(merchant_master!D:D,MATCH(E23,merchant_master!C:C,0))} -> Aisha Khan | T23: {=INDEX(merchant_master!E:E,MATCH(E23,merchant_master!C:C,0))} -> Grocery | U23: {=INDEX(merchant_master!F:F,MATCH(E23,merchant_master!C:C,0))} -> APAC | V23: =IF(OR(AND(M23="APAC",Q23>5000),AND(M23="EU",Q23>6000),AND(M23="US",Q23>7000)),1,0) -> 0 | W23: =IF(OR(K23>=70,I23="CHARGEBACK"),1,0) -> 0
A24: T023 | B24: T023 | C24: 46082 | D24: City Pharma | E24: =UPPER(TRIM(D24)) -> CITY PHARMA | F24: 5200 | G24: EUR | H24: Captured | I24: =IFERROR(__xludf.DUMMYFUNCTION("IF(REGEXMATCH(LOWER(I24),""capture""),""CAPTURED"",IF(REGEXMATCH(LOWER(I24),""chargeback""),""CHARGEBACK"",IF(REGEXMATCH(LOWER(I24),""fail""),""FAILED"",""UNKNOWN"")))"),"CAPTURED") -> CAPTURED | J24: 42 | K24: 42 | L24: EU | M24: =UPPER(TRIM(L24)) -> EU | N24: U003 | O24: Card | P24: =UPPER(TRIM(O24)) -> CARD | Q24: =F24 * VLOOKUP(G24,exchange_rates!B:C,2,FALSE) -> 5616 | R24: {=INDEX(merchant_master!A:A,MATCH(E24,merchant_master!C:C,0))} -> M003 | S24: {=INDEX(merchant_master!D:D,MATCH(E24,merchant_master!C:C,0))} -> Elena Rossi | T24: {=INDEX(merchant_master!E:E,MATCH(E24,merchant_master!C:C,0))} -> Healthcare | U24: {=INDEX(merchant_master!F:F,MATCH(E24,merchant_master!C:C,0))} -> EU | V24: =IF(OR(AND(M24="APAC",Q24>5000),AND(M24="EU",Q24>6000),AND(M24="US",Q24>7000)),1,0) -> 0 | W24: =IF(OR(K24>=70,I24="CHARGEBACK"),1,0) -> 0
A25: T024 | B25: T024 | C25: 46083 | D25: Eco Home | E25: =UPPER(TRIM(D25)) -> ECO HOME | F25: 6100 | G25: EUR | H25: chargeback | I25: =IFERROR(__xludf.DUMMYFUNCTION("IF(REGEXMATCH(LOWER(I25),""capture""),""CAPTURED"",IF(REGEXMATCH(LOWER(I25),""chargeback""),""CHARGEBACK"",IF(REGEXMATCH(LOWER(I25),""fail""),""FAILED"",""UNKNOWN"")))"),"CHARGEBACK") -> CHARGEBACK | J25: score:65 | K25: =IFERROR(__xludf.DUMMYFUNCTION("IFERROR(VALUE(REGEXEXTRACT(K25,""\d+"")),0)"),65) -> 65 | L25: EU | M25: =UPPER(TRIM(L25)) -> EU | N25: U004 | O25: Card | P25: =UPPER(TRIM(O25)) -> CARD | Q25: =F25 * VLOOKUP(G25,exchange_rates!B:C,2,FALSE) -> 6588 | R25: {=INDEX(merchant_master!A:A,MATCH(E25,merchant_master!C:C,0))} -> M005 | S25: {=INDEX(merchant_master!D:D,MATCH(E25,merchant_master!C:C,0))} -> Nina Weber | T25: {=INDEX(merchant_master!E:E,MATCH(E25,merchant_master!C:C,0))} -> Home | U25: {=INDEX(merchant_master!F:F,MATCH(E25,merchant_master!C:C,0))} -> EU | V25: =IF(OR(AND(M25="APAC",Q25>5000),AND(M25="EU",Q25>6000),AND(M25="US",Q25>7000)),1,0) -> 1 | W25: =IF(OR(K25>=70,I25="CHARGEBACK"),1,0) -> 1
A26: T025 | B26: T025 | C26: 46084 | D26: City Pharma | E26: =UPPER(TRIM(D26)) -> CITY PHARMA | F26: 2800 | G26: EUR | H26: captured | I26: =IFERROR(__xludf.DUMMYFUNCTION("IF(REGEXMATCH(LOWER(I26),""capture""),""CAPTURED"",IF(REGEXMATCH(LOWER(I26),""chargeback""),""CHARGEBACK"",IF(REGEXMATCH(LOWER(I26),""fail""),""FAILED"",""UNKNOWN"")))"),"CAPTURED") -> CAPTURED | J26: 38 | K26: 38 | L26: eu | M26: =UPPER(TRIM(L26)) -> EU | N26: U005 | O26: Wallet | P26: =UPPER(TRIM(O26)) -> WALLET | Q26: =F26 * VLOOKUP(G26,exchange_rates!B:C,2,FALSE) -> 3024 | R26: {=INDEX(merchant_master!A:A,MATCH(E26,merchant_master!C:C,0))} -> M003 | S26: {=INDEX(merchant_master!D:D,MATCH(E26,merchant_master!C:C,0))} -> Elena Rossi | T26: {=INDEX(merchant_master!E:E,MATCH(E26,merchant_master!C:C,0))} -> Healthcare | U26: {=INDEX(merchant_master!F:F,MATCH(E26,merchant_master!C:C,0))} -> EU | V26: =IF(OR(AND(M26="APAC",Q26>5000),AND(M26="EU",Q26>6000),AND(M26="US",Q26>7000)),1,0) -> 0 | W26: =IF(OR(K26>=70,I26="CHARGEBACK"),1,0) -> 0
A27: T026 | B27: T026 | C27: 46086 | D27: Eco Home | E27: =UPPER(TRIM(D27)) -> ECO HOME | F27: 3300 | G27: EUR | H27: Failed E05 Timeout | I27: =IFERROR(__xludf.DUMMYFUNCTION("IF(REGEXMATCH(LOWER(I27),""capture""),""CAPTURED"",IF(REGEXMATCH(LOWER(I27),""chargeback""),""CHARGEBACK"",IF(REGEXMATCH(LOWER(I27),""fail""),""FAILED"",""UNKNOWN"")))"),"FAILED") -> FAILED | J27: 44 | K27: 44 | L27: EU | M27: =UPPER(TRIM(L27)) -> EU | N27: U006 | O27: NetBanking | P27: =UPPER(TRIM(O27)) -> NETBANKING | Q27: =F27 * VLOOKUP(G27,exchange_rates!B:C,2,FALSE) -> 3564 | R27: {=INDEX(merchant_master!A:A,MATCH(E27,merchant_master!C:C,0))} -> M005 | S27: {=INDEX(merchant_master!D:D,MATCH(E27,merchant_master!C:C,0))} -> Nina Weber | T27: {=INDEX(merchant_master!E:E,MATCH(E27,merchant_master!C:C,0))} -> Home | U27: {=INDEX(merchant_master!F:F,MATCH(E27,merchant_master!C:C,0))} -> EU | V27: =IF(OR(AND(M27="APAC",Q27>5000),AND(M27="EU",Q27>6000),AND(M27="US",Q27>7000)),1,0) -> 0 | W27: =IF(OR(K27>=70,I27="CHARGEBACK"),1,0) -> 0
A28: T027 | B28: T027 | C28: 46082 | D28: DELTA TRAVELS | E28: =UPPER(TRIM(D28)) -> DELTA TRAVELS | F28: 7200 | G28: USD | H28: captured | I28: =IFERROR(__xludf.DUMMYFUNCTION("IF(REGEXMATCH(LOWER(I28),""capture""),""CAPTURED"",IF(REGEXMATCH(LOWER(I28),""chargeback""),""CHARGEBACK"",IF(REGEXMATCH(LOWER(I28),""fail""),""FAILED"",""UNKNOWN"")))"),"CAPTURED") -> CAPTURED | J28: 49 | K28: 49 | L28: us | M28: =UPPER(TRIM(L28)) -> US | N28: U007 | O28: Card | P28: =UPPER(TRIM(O28)) -> CARD | Q28: =F28 * VLOOKUP(G28,exchange_rates!B:C,2,FALSE) -> 7200 | R28: {=INDEX(merchant_master!A:A,MATCH(E28,merchant_master!C:C,0))} -> M004 | S28: {=INDEX(merchant_master!D:D,MATCH(E28,merchant_master!C:C,0))} -> Marcus Lee | T28: {=INDEX(merchant_master!E:E,MATCH(E28,merchant_master!C:C,0))} -> Travel | U28: {=INDEX(merchant_master!F:F,MATCH(E28,merchant_master!C:C,0))} -> US | V28: =IF(OR(AND(M28="APAC",Q28>5000),AND(M28="EU",Q28>6000),AND(M28="US",Q28>7000)),1,0) -> 1 | W28: =IF(OR(K28>=70,I28="CHARGEBACK"),1,0) -> 0
A29: T028 | B29: T028 | C29: 46083 | D29: Delta Travels | E29: =UPPER(TRIM(D29)) -> DELTA TRAVELS | F29: 3100 | G29: USD | H29: CAPTURED | I29: =IFERROR(__xludf.DUMMYFUNCTION("IF(REGEXMATCH(LOWER(I29),""capture""),""CAPTURED"",IF(REGEXMATCH(LOWER(I29),""chargeback""),""CHARGEBACK"",IF(REGEXMATCH(LOWER(I29),""fail""),""FAILED"",""UNKNOWN"")))"),"CAPTURED") -> CAPTURED | J29: risk-41 | K29: =IFERROR(__xludf.DUMMYFUNCTION("IFERROR(VALUE(REGEXEXTRACT(K29,""\d+"")),0)"),41) -> 41 | L29: US | M29: =UPPER(TRIM(L29)) -> US | N29: U008 | O29: Card | P29: =UPPER(TRIM(O29)) -> CARD | Q29: =F29 * VLOOKUP(G29,exchange_rates!B:C,2,FALSE) -> 3100 | R29: {=INDEX(merchant_master!A:A,MATCH(E29,merchant_master!C:C,0))} -> M004 | S29: {=INDEX(merchant_master!D:D,MATCH(E29,merchant_master!C:C,0))} -> Marcus Lee | T29: {=INDEX(merchant_master!E:E,MATCH(E29,merchant_master!C:C,0))} -> Travel | U29: {=INDEX(merchant_master!F:F,MATCH(E29,merchant_master!C:C,0))} -> US | V29: =IF(OR(AND(M29="APAC",Q29>5000),AND(M29="EU",Q29>6000),AND(M29="US",Q29>7000)),1,0) -> 0 | W29: =IF(OR(K29>=70,I29="CHARGEBACK"),1,0) -> 0
A30: T029 | B30: T029 | C30: 46085 | D30: delta travels | E30: =UPPER(TRIM(D30)) -> DELTA TRAVELS | F30: 2500 | G30: USD | H30: chargeback | I30: =IFERROR(__xludf.DUMMYFUNCTION("IF(REGEXMATCH(LOWER(I30),""capture""),""CAPTURED"",IF(REGEXMATCH(LOWER(I30),""chargeback""),""CHARGEBACK"",IF(REGEXMATCH(LOWER(I30),""fail""),""FAILED"",""UNKNOWN"")))"),"CHARGEBACK") -> CHARGEBACK | J30: score:58 | K30: =IFERROR(__xludf.DUMMYFUNCTION("IFERROR(VALUE(REGEXEXTRACT(K30,""\d+"")),0)"),58) -> 58 | L30: US | M30: =UPPER(TRIM(L30)) -> US | N30: U009 | O30: Wallet | P30: =UPPER(TRIM(O30)) -> WALLET | Q30: =F30 * VLOOKUP(G30,exchange_rates!B:C,2,FALSE) -> 2500 | R30: {=INDEX(merchant_master!A:A,MATCH(E30,merchant_master!C:C,0))} -> M004 | S30: {=INDEX(merchant_master!D:D,MATCH(E30,merchant_master!C:C,0))} -> Marcus Lee | T30: {=INDEX(merchant_master!E:E,MATCH(E30,merchant_master!C:C,0))} -> Travel | U30: {=INDEX(merchant_master!F:F,MATCH(E30,merchant_master!C:C,0))} -> US | V30: =IF(OR(AND(M30="APAC",Q30>5000),AND(M30="EU",Q30>6000),AND(M30="US",Q30>7000)),1,0) -> 0 | W30: =IF(OR(K30>=70,I30="CHARGEBACK"),1,0) -> 1
A31: T030 | B31: T030 | C31: 46087 | D31: DELTA TRAVELS | E31: =UPPER(TRIM(D31)) -> DELTA TRAVELS | F31: 1800 | G31: USD | H31: Failed E05 Timeout | I31: =IFERROR(__xludf.DUMMYFUNCTION("IF(REGEXMATCH(LOWER(I31),""capture""),""CAPTURED"",IF(REGEXMATCH(LOWER(I31),""chargeback""),""CHARGEBACK"",IF(REGEXMATCH(LOWER(I31),""fail""),""FAILED"",""UNKNOWN"")))"),"FAILED") -> FAILED | J31: score:47 | K31: 47 | L31: US | M31: =UPPER(TRIM(L31)) -> US | N31: U010 | O31: UPI | P31: =UPPER(TRIM(O31)) -> UPI | Q31: =F31 * VLOOKUP(G31,exchange_rates!B:C,2,FALSE) -> 1800 | R31: {=INDEX(merchant_master!A:A,MATCH(E31,merchant_master!C:C,0))} -> M004 | S31: {=INDEX(merchant_master!D:D,MATCH(E31,merchant_master!C:C,0))} -> Marcus Lee | T31: {=INDEX(merchant_master!E:E,MATCH(E31,merchant_master!C:C,0))} -> Travel | U31: {=INDEX(merchant_master!F:F,MATCH(E31,merchant_master!C:C,0))} -> US | V31: =IF(OR(AND(M31="APAC",Q31>5000),AND(M31="EU",Q31>6000),AND(M31="US",Q31>7000)),1,0) -> 0 | W31: =IF(OR(K31>=70,I31="CHARGEBACK"),1,0) -> 0
A33: I DID EVERYTHING HERE ITSELF IT HAS BOTH RAW AND CLEAN DATA TOGETHER

Sheet exchange_rates
A1: rate_date | B1: currency | C1: usd_rate
A2: 46082 | B2: INR | C2: 0.0119
A3: 46082 | B3: EUR | C3: 1.08
A4: 46082 | B4: USD | C4: 1
A5: 46083 | B5: INR | C5: 0.012
A6: 46083 | B6: EUR | C6: 1.09
A7: 46083 | B7: USD | C7: 1
A8: 46084 | B8: INR | C8: 0.0121
A9: 46084 | B9: EUR | C9: 1.08
A10: 46084 | B10: USD | C10: 1
A11: 46085 | B11: INR | C11: 0.012
A12: 46085 | B12: EUR | C12: 1.07
A13: 46085 | B13: USD | C13: 1
... A19: 46087 | B19: USD | C19: 1

Sheet merchant_master
A1: merchant_id | B1: merchant_name | C1: merchant_name_clean | D1: account_manager | E1: merchant_category | F1: default_region
A2: M001 | B2: Alpha Mart | C2: =UPPER(TRIM(B2)) -> ALPHA MART | D2: Aisha Khan | E2: Grocery | F2: APAC
A3: M002 | B3: Beta Stores | C3: =UPPER(TRIM(B3)) -> BETA STORES | D3: Rohan Mehta | E3: Electronics | F3: APAC
A4: M003 | B4: City Pharma | C4: =UPPER(TRIM(B4)) -> CITY PHARMA | D4: Elena Rossi | E4: Healthcare | F4: EU
A5: M004 | B5: Delta Travels | C5: =UPPER(TRIM(B5)) -> DELTA TRAVELS | D5: Marcus Lee | E5: Travel | F5: US
A6: M005 | B6: Eco Home | C6: =UPPER(TRIM(B6)) -> ECO HOME | D6: Nina Weber | E6: Home | F6: EU
